{
    "product":[
        {
            "id":1,
            "name":"fast-track",
            "category":"men",
            "brand":"Minimalists Analog  ",
            "price":1000,
            "description":"The product comes with a standard manufacturer warranty for 6 Months",
            "image":"https://rukminim2.flixcart.com/image/612/612/xif0q/watch/v/w/o/-original-imagta7uyupbfzsf.jpeg?q=70"
        },
        {
            "id":2,
            "name":"Analog Watch",
            "category":"men",
            "brand":"Analog Watch",
            "price":1500,
            "description":"This product comes with standard manufacturer warranty of 1 year.",
            "image":"https://rukminim2.flixcart.com/image/612/612/xif0q/watch/v/f/2/-original-imagrdzghye4wtqq.jpeg?q=70"
        },
        {
            "id":3,
            "name":"PROVOGUE ",
            "category":"women",
            "brand":"PROVOGUE ",
            "price":700,
            "description":"Trending Premium Quality Day & Date Functioning for Boys Analog Watch",
            "image":"https://rukminim2.flixcart.com/image/612/612/xif0q/watch/c/c/w/1-sk-pg-4078-wyt-brwn-basic-with-day-and-date-display-provogue-original-imah2wff4m8yczey.jpeg?q=70"
        },
        {
            "id":4,
            "name":"Chief Series Watch ",
            "category":"men",
            "brand":"Analog Watch",
            "price":2000,
            "description":"Trending Premium Quality Day & Date Functioning for Boys Analog Watch",
            "image":"https://rukminim2.flixcart.com/image/300/300/xif0q/watch/g/o/z/-original-imagphkz8rpjqrzj.jpeg?q=90"
        },
        
        {
            "id":5,
            "name":"Michael Kors ",
            "category":"women",
            "brand":"Kors ",
            "price":1800,
            "description":"Women Ritz Rose Gold Dial Stainless Steel Chronograph Michael Kors",
            "image":"https://m.media-amazon.com/images/I/81Iy6wTvKoL._AC_UL480_FMwebp_QL65_.jpg"
        },
        {
            "id":6,
            "name":"STYLEDOSE ",
            "category":"women",
            "brand":"STYLEDOSE ",
            "price":2700,
            "description":"Trending Premium Quality Day & Date Functioning for Boys Analog Watch",
            "image":"https://m.media-amazon.com/images/I/711J1gA9deL._AC_UL480_FMwebp_QL65_.jpg"
        },
        {
            "id":7,
            "name":"PROVOGUE ",
            "category":"women",
            "brand":"PROVOGUE ",
            "price":900,
            "description":"Trending Premium Quality Day & Date Functioning for Boys Analog Watch",
            "image":"https://m.media-amazon.com/images/I/61CaI8AeQkL._AC_UL480_FMwebp_QL65_.jpg"
        },
        {
            "id":8,
            "name":"STYLEDOSE ",
            "category":"women",
            "brand":"STYLEDOSE ",
            "price":1700,
            "description":"watch's unique design elements (round face in square frame",
            "image":"https://m.media-amazon.com/images/I/61cmRn7SR7L._AC_UL480_FMwebp_QL65_.jpg"
        },
        {
            "id":9,
            "name":"KIDS-G-SPORT ",
            "category":"kids",
            "brand":"selloria ",
            "price":700,
            "description":"selloria  3D Astronaut Cartoon Analog Multi-Function Watch Analog Watch",
            "image":"https://rukminim2.flixcart.com/image/612/612/xif0q/watch/u/b/k/1-stylish-sport-look-branded-digital-watch-for-men-ngiva-men-original-imahyrs47zxzuxxw.jpeg?q=70"
        },
        {
            "id":10,
            "name":"KIDS-SPORT",
            "category":"kids",
            "brand":"Spiky  ",
            "price":460,
            "description":"Spiky 3D Astronaut Cartoon Analog Multi-Function Watch Analog Watch - For Girls Light_Astro_Blue",
            "image":"https://rukminim2.flixcart.com/image/612/612/xif0q/watch/b/k/r/kids-children-student-sports-waterproof-clock-led-digital-date-original-imagunnfyqzg3khp.jpeg?q=70"
        },
        {
            "id":11,
            "name":"PINK Barbie  ",
            "category":"kids",
            "brand":"TYMU  ",
            "price":500,
            "description":"For Girls PINK Barbie Collection Watch For Small Children",
            "image":"https://rukminim2.flixcart.com/image/612/612/xif0q/watch/d/k/v/2-barbie-glenvit-x-girls-original-imah2f5rhny33uwk.jpeg?q=70"
        },
        {
            "id":12,
            "name":"projector kids watch  ",
            "category":"kids",
            "brand":"Styleflix  ",
            "price":400,
            "description":"For Boys Digital Spiderman Wonderful Projector Watch for Kids, Diwali Gift, Birthday Return Gift,24 Digital Projector Images. Red",
            "image":"https://rukminim2.flixcart.com/image/612/612/xif0q/watch/p/e/q/1-digital-spiderman-wonderful-projector-watch-for-kids-diwali-original-imagtfbjftcektvm.jpeg?q=70"
        }
    ]
}